{
  "info": {
    "name": "HealthCare JWT Auth API",
    "schema": "https://schema.getpostman.com/json/collection/v2.1.0/collection.json"
  },
  "item": [
    {
      "name": "Register User",
      "request": {
        "method": "POST",
        "header": [
          {
            "key": "Content-Type",
            "value": "application/json"
          }
        ],
        "body": {
          "mode": "raw",
          "raw": "{\n  \"username\": \"testuser\",\n  \"password\": \"password123\"\n}"
        },
        "url": {
          "raw": "http://localhost:8080/register",
          "protocol": "http",
          "host": [
            "localhost"
          ],
          "port": "8080",
          "path": [
            "register"
          ]
        }
      }
    },
    {
      "name": "Login and Get JWT",
      "request": {
        "method": "POST",
        "header": [
          {
            "key": "Content-Type",
            "value": "application/json"
          }
        ],
        "body": {
          "mode": "raw",
          "raw": "{\n  \"username\": \"testuser\",\n  \"password\": \"password123\"\n}"
        },
        "url": {
          "raw": "http://localhost:8080/login",
          "protocol": "http",
          "host": [
            "localhost"
          ],
          "port": "8080",
          "path": [
            "login"
          ]
        }
      }
    },
    {
      "name": "Call Secured Endpoint",
      "request": {
        "method": "GET",
        "header": [
          {
            "key": "Authorization",
            "value": "Bearer {{jwt_token}}",
            "type": "text"
          }
        ],
        "url": {
          "raw": "http://localhost:8080/secure-endpoint",
          "protocol": "http",
          "host": [
            "localhost"
          ],
          "port": "8080",
          "path": [
            "secure-endpoint"
          ]
        }
      }
    }
  ]
}