{
  "info": {
    "name": "HealthCare Spring Security API",
    "schema": "https://schema.getpostman.com/json/collection/v2.1.0/collection.json"
  },
  "item": [
    {
      "name": "Register User",
      "request": {
        "method": "POST",
        "header": [
          {
            "key": "Content-Type",
            "value": "application/json"
          }
        ],
        "body": {
          "mode": "raw",
          "raw": "{\n  \"username\": \"testuser\",\n  \"password\": \"password123\"\n}"
        },
        "url": {
          "raw": "http://localhost:8080/register",
          "protocol": "http",
          "host": [
            "localhost"
          ],
          "port": "8080",
          "path": [
            "register"
          ]
        }
      }
    },
    {
      "name": "Secured API - Example",
      "request": {
        "method": "GET",
        "header": [],
        "url": {
          "raw": "http://localhost:8080/secure-endpoint",
          "protocol": "http",
          "host": [
            "localhost"
          ],
          "port": "8080",
          "path": [
            "secure-endpoint"
          ]
        },
        "auth": {
          "type": "basic",
          "basic": [
            {
              "key": "username",
              "value": "testuser",
              "type": "string"
            },
            {
              "key": "password",
              "value": "password123",
              "type": "string"
            }
          ]
        }
      }
    }
  ]
}